Sector,Precio_Media,Precio_Mediana,Precio_Desviacion_Std,Retorno_Medio_Diario(%),Volatilidad_Diaria(%),Volatilidad_Anualizada(%),Sharpe_Ratio,Max_Drawdown(%)
salud_farmaceuticas,186.19609909513557,184.17115745544433,51.79376378795924,0.006425515103207094,1.4363732526197124,22.80171849778029,-0.11370506990502567,-37.241757154983304
tecnologia,211.35395704322605,200.04815673828125,73.47603238255606,0.13104302632694384,2.21440280136186,35.15255468956947,0.7970723030620931,-40.233658917992116
